{"cameraMode":{"drawMode":0,"name":"Shaded","section":"Shading Mode"},"sceneLighting":true,"audioPlay":false,"sceneViewState":{"m_AlwaysRefresh":false,"showFog":true,"showSkybox":true,"showFlares":true,"showImageEffects":true,"showParticleSystems":true,"showVisualEffectGraphs":true,"m_FxEnabled":true},"in2DMode":false,"pivot":{"x":478.3100891113281,"y":49.6051139831543,"z":138.54385375976563},"rotation":{"x":0.0209744144231081,"y":-0.047971028834581378,"z":0.0010075316531583667,"w":0.9986287951469421},"size":162.00982666015626,"orthographic":true}